<?xml version="1.0" encoding="UTF-8"?>
<beans xmlns="http://www.springframework.org/schema/beans"
	xmlns:xsi="http://www.w3.org/2001/XMLSchema-instance"
	xmlns:mybatis-spring="http://mybatis.org/schema/mybatis-spring"
	xsi:schemaLocation="http://mybatis.org/schema/mybatis-spring http://mybatis.org/schema/mybatis-spring-1.2.xsd
		http://www.springframework.org/schema/beans https://www.springframework.org/schema/beans/spring-beans.xsd">

	<!-- Root Context: defines shared resources visible to all other web components -->

	<!-- 내가 추가한거 -->
	<!-- 커넥션 풀 - 아파치 - Commons DBCP 2.8.0 -->
	<bean id="dataSource"
		class="org.apache.commons.dbcp2.BasicDataSource"
		destroy-method="close">
		<property name="driverClassName"
			value="net.sf.log4jdbc.sql.jdbcapi.DriverSpy" />
		<property name="url"
			value="jdbc:log4jdbc:oracle:thin:@localhost:1521:ORCL" />
		<property name="username" value="book_ex" />
		<property name="password" value="book_ex" />
	</bean>

	<!-- 내가 추가한거 -->
	<!-- SQLSessionFactiory -->
	<bean id="sqlSessionFactory"
		class="org.mybatis.spring.SqlSessionFactoryBean">
		<property name="dataSource" ref="dataSource"></property>
	</bean>

	<!-- 내가 추가한거 -->
	<!-- mybatis - mapper 설정 -->
	<mybatis-spring:scan
		base-package="com.peisia.quizspring001.mapper" />

</beans>
